{"graph": {"_type": "graph-file", "sha256": "5da0c84317918483de6868d8dddd66a0cf44c41363e8411aebb4b980c9f41eef", "size": 584, "path": "media/graph/graph_summary_5da0c84317918483de68.graph.json"}, "epoch": 14, "_timestamp": 1670317514.2283125, "loss": 0.0003619988856371492, "accuracy": 1.0, "val_loss": 0.000260539905866608, "val_accuracy": 1.0, "_runtime": 33.09217643737793, "_step": 14, "best_val_loss": 0.000260539905866608, "best_epoch": 14}